{
  "Application_Name": "kubernetes",
  "cluster_name" : "kubernetes",
  "lab_name" : "training",
  "org_id":"112",
  "email": "sales@labasservice.com",
  "epoch_id": "prelabalw2org3usr2-20211210-073857",
  
  "master_count" : "1",
  "master_instance_storage": "40",
  "master_instance_type": "t3a.medium",

  "node_instance_storage": "8",
  "node_instance_type": "t3a.medium",

  "region": "us-west-2",
  "zone_primary": "a",
  "zone_secondary": "b",
  "aws_keypair": "laboffering",
  "master_price": "0.0850",
  "node_price": "0.0850",
  "master_ports": [9090],
  "node_ports": [9090],
  "aws_access_key": 
  "aws_secret_key": 

}

